Regiao,Estado,Mês,RADIACAO GLOBAL (Kj/m²),"PRECIPITAÇÃO TOTAL, HORÁRIO (mm)",TEMPERATURA MÁXIMA NA HORA ANT. (AUT) (°C),TEMPERATURA MÍNIMA NA HORA ANT. (AUT) (°C),Temp_Media,Ano
CO,DF,1,1643.2409746394828,0.21983050847457627,23.194154193730583,21.651341428974863,22.42274781135272,2021
CO,DF,2,1279.2640237324704,0.7996365838885524,21.88842073355562,20.645559260381933,21.266989996968775,2021
CO,DF,3,1533.8688279301746,0.14620390455531454,22.633975054229936,21.17193600867679,21.902955531453365,2021
CO,DF,4,1423.9801092896175,0.13831619894415115,21.817838288413448,20.370352875798833,21.094095582106142,2021
CO,DF,5,1481.6815252416757,0.001881720430107527,21.164301075268817,19.49991935483871,20.332110215053763,2021
CO,DF,6,1477.9360155382908,0.024555555555555556,20.55655555555556,18.89311111111111,19.724833333333336,2021
CO,DF,7,1607.6827419354838,0.0,19.79766129032258,17.976370967741936,18.887016129032258,2021
CO,DF,8,1718.6468245425187,0.006243272335844994,22.047819063004848,20.349057619816907,21.198438341410878,2021
CO,DF,9,1785.6062983425413,0.01770108544391873,25.91940963519911,23.977081592871066,24.948245614035088,2021
CO,DF,10,1472.6490785645005,0.21444720154397573,24.144582299421007,22.660104769782187,23.4023435346016,2021
CO,DF,11,1228.090616113744,0.34274170274170274,22.324300144300143,21.15832611832612,21.74131313131313,2021
CO,DF,12,1252.1306636155607,0.5392788329204514,22.161259279626066,20.966730822106133,21.563995050866097,2021
CO,GO,1,1552.6787381909003,0.2783583347379066,25.22877372052904,23.765260207015526,24.497016963772282,2021
CO,GO,2,1324.0121212121212,0.4664955482473731,24.138299669764226,22.825566392750172,23.4819330312572,2021
CO,GO,3,1469.2762148059571,0.17552380952380953,24.56727714186611,23.12438432188692,23.845830731876518,2021
CO,GO,4,1461.4916331917823,0.11409958816922501,24.061670496983627,22.568500430910657,23.315085463947142,2021
CO,GO,5,1398.342122905028,0.011078918322295805,23.398094580600624,21.75868139454608,22.57838798757335,2021
CO,GO,6,1329.0967952322053,0.009550449550449551,22.474969899665552,20.785090301003343,21.630030100334448,2021
CO,GO,7,1445.2132075471698,0.0,21.802019918642166,19.908976786590923,20.855498352616543,2021
CO,GO,8,1506.4700878025628,0.0013831258644536654,24.784469166728062,22.970050836218963,23.877260001473513,2021
CO,GO,9,1481.9465554177473,0.0317750389573594,28.542856116142016,26.627950265919218,27.585403191030615,2021
CO,GO,10,1306.2730125120308,0.26049239681390296,26.33124599410332,24.892071529291115,25.611658761697218,2021
CO,GO,11,1172.537406669985,0.3818983522859132,24.715893271461717,23.529974588443263,24.122933929952488,2021
CO,GO,12,1205.6185040966984,0.39068741159830267,24.643382193268184,23.440602605863194,24.04199239956569,2021
CO,MS,1,1220.0918052357806,0.4119379354021533,25.892249972614746,24.69610033957717,25.29417515609596,2021
CO,MS,2,1539.119737106161,0.12532090733251275,26.222618312121586,24.753830470777213,25.4882243914494,2021
CO,MS,3,1413.436623350858,0.13558955596208214,26.63614364244742,25.16523661567878,25.9006901290631,2021
CO,MS,4,1402.1658106469745,0.0332520325203252,24.835245317259705,23.278896882494003,24.057071099876854,2021
CO,MS,5,1142.351614385844,0.040955631399317405,22.622861279284024,21.107758620689655,21.865309949986838,2021
CO,MS,6,1016.5871902874133,0.06047708601405523,20.437210306607167,19.119029797034692,19.778120051820927,2021
CO,MS,7,1257.9742889221557,0.009588060922007563,19.69978561395727,17.822495749242258,18.761140681599763,2021
CO,MS,8,1238.7964693035672,0.027641472101305894,24.2178744682439,22.46431718061674,23.34109582443032,2021
CO,MS,9,1347.8200931857891,0.036076061844677446,28.10550452079566,26.371405808647786,27.23845516472172,2021
CO,MS,10,1275.8315688978466,0.24692679913517968,25.615658434829417,24.338752439270575,24.977205437049996,2021
CO,MS,11,1555.891734716398,0.18243522685804647,27.07111712738672,25.697306925049872,26.384212026218297,2021
CO,MS,12,1643.1556819586992,0.15066445182724253,27.49422860148794,26.076441366852325,26.785334984170134,2021
CO,MT,1,1273.4519080945465,0.290967365967366,25.77351515151515,24.531800865800864,25.15265800865801,2021
CO,MT,2,1270.0394172961308,0.42578385590393597,25.835330537247852,24.638026762532455,25.236678649890152,2021
CO,MT,3,1284.0085223789085,0.25634066448292,25.46196395875494,24.275696251325044,24.86883010503999,2021
CO,MT,4,1255.7109037146554,0.12824150445397559,25.616869895961518,24.371428571428574,24.994149233695047,2021
CO,MT,5,1193.4594042712627,0.05479272488939865,24.72511013215859,23.359900881057268,24.04250550660793,2021
CO,MT,6,1134.4188820722563,0.008752997601918465,24.118972081218274,22.661269035532992,23.390120558375635,2021
CO,MT,7,1247.8229619247838,0.0,23.48354158269515,21.61778852613194,22.550665054413543,2021
CO,MT,8,1324.0163636363636,0.0032061558191728125,26.583764367816094,24.73644636015326,25.660105363984677,2021
CO,MT,9,1264.0242767670743,0.06502793296089386,29.058978164087346,27.374793300826795,28.216885732457072,2021
CO,MT,10,1210.4421143349612,0.1727021211189671,27.25955833147446,25.92281954048628,26.59118893598037,2021
CO,MT,11,1126.7249522597072,0.3579576816927323,25.719876300253024,24.561456283384878,25.140666291818953,2021
CO,MT,12,1119.7735324765545,0.2743589743589744,26.339323962516733,25.110475234270417,25.724899598393577,2021
N,AC,1,1731.9802277432711,0.43588277340957826,25.838240917782024,24.717590822179734,25.27791586998088,2021
N,AC,2,1233.2043352601156,0.7955706984667802,25.84489270386266,24.819484978540775,25.332188841201717,2021
N,AC,3,1221.306015037594,0.4796028880866426,25.469509981851182,24.389836660617057,24.92967332123412,2021
N,AC,4,1367.5603773584908,0.18511166253101735,25.837064676616915,24.53320895522388,25.185136815920398,2021
N,AC,5,1300.705675146771,0.13700234192037472,25.403161592505853,24.088758782201403,24.745960187353628,2021
N,AC,6,1323.1128846153845,0.04205128205128205,25.467354838709678,23.98477419354839,24.726064516129036,2021
N,AC,7,1420.3105651105652,0.04769874476987448,24.173071528751755,22.45890603085554,23.315988779803646,2021
N,AC,8,1321.4288265306122,0.017204301075268817,25.77029569892473,24.04072580645161,24.905510752688173,2021
N,AC,9,1380.0277634961442,0.16027777777777777,26.52444444444444,24.9775,25.75097222222222,2021
N,AC,10,1426.5791563275434,0.3924731182795699,26.270833333333332,24.90793010752688,25.589381720430104,2021
N,AC,11,1277.2010256410258,0.3936111111111111,25.952222222222222,24.71222222222222,25.33222222222222,2021
N,AC,12,1147.5733333333333,0.48172043010752685,26.083602150537637,24.868951612903224,25.47627688172043,2021
N,AM,1,639.3826543684345,0.4783912747102931,26.44628584861307,25.47745651151857,25.96187118006582,2021
N,AM,2,672.4401856401856,0.37743279060961754,26.990252525252522,26.04830808080808,26.5192803030303,2021
N,AM,3,698.4725798644724,0.45614617940199337,26.46300178412132,25.511418376449598,25.987210080285458,2021
N,AM,4,713.6742244640604,0.26605555555555555,27.122999999999998,26.142697674418606,26.632848837209302,2021
N,AM,5,673.8136664826063,0.24227970897332254,27.262404287901994,26.354798366513528,26.80860132720776,2021
N,AM,6,757.7820019887305,0.19654427645788336,27.3109296901033,26.315161612795734,26.813045651449517,2021
N,AM,7,892.5382331643737,0.19336143308746048,27.64843807423741,26.50393237780228,27.076185226019845,2021
N,AM,8,941.5745042492917,0.19106317411402157,28.84812138728324,27.638547687861273,28.243334537572256,2021
N,AM,9,960.5346537647415,0.14275491949910554,28.207640067911715,26.989190718732317,27.598415393322014,2021
N,AM,10,935.9642465395665,0.2975009324878777,28.275168107588858,27.108045148895293,27.691606628242077,2021
N,AM,11,813.7029830322934,0.3112244897959184,27.32272498743087,26.2474358974359,26.785080442433383,2021
N,AM,12,694.1997098390926,0.4834973504920515,26.903275109170306,25.94868995633188,26.425982532751092,2021
N,AP,1,1291.5919945725916,0.30889733840304184,26.532471482889733,25.482889733840302,26.007680608365018,2021
N,AP,2,1126.5623641304348,0.45523952095808384,25.75284431137725,24.85426646706587,25.303555389221557,2021
N,AP,3,1183.753942428035,0.520952380952381,25.85061224489796,24.944693877551018,25.39765306122449,2021
N,AP,4,1237.0701044386421,0.34366812227074234,26.375618631732166,25.485589519650652,25.93060407569141,2021
N,AP,5,1368.287240356083,0.512133072407045,27.321379310344827,26.22886699507389,26.77512315270936,2021
N,AP,6,1573.2864450127877,0.13081285444234406,28.09470588235294,26.832156862745098,27.463431372549017,2021
N,AP,7,2044.3422764227644,0.016260162601626018,30.102830188679246,28.278301886792452,29.19056603773585,2021
N,AP,8,2308.512765957447,0.01702127659574468,30.887804878048783,29.112195121951217,30.0,2021
N,AP,9,1686.0500000000002,0.0,31.8,30.2,31.0,2021
N,AP,10,,,,,,2021
N,AP,11,,,,,,2021
N,AP,12,,,,,,2021
N,PA,1,1194.7297346200241,0.3723596063187495,26.554271356783918,25.45461734904028,26.0044443529121,2021
N,PA,2,1027.244229863401,0.580884046416866,26.046228085709224,25.088002479192493,25.567115282450857,2021
N,PA,3,1098.2594134629996,0.5147577092511013,25.82934802571166,24.858172635445364,25.34376033057851,2021
N,PA,4,1207.4483923705723,0.34920033670033673,26.619675584579735,25.588613861386136,26.104144722982937,2021
N,PA,5,1299.6313016727554,0.19783227501642217,26.91604600219058,25.77881708652793,26.347431544359253,2021
N,PA,6,1367.1490107526884,0.08339719029374201,27.01863584110359,25.726644526759483,26.372640183931537,2021
N,PA,7,1285.8431661297745,0.1041437125748503,27.23143439673783,25.8155672823219,26.523500839529866,2021
N,PA,8,1416.5475420302193,0.08286106603420297,28.162554735393467,26.648630051294884,27.405592393344175,2021
N,PA,9,1251.8881670533644,0.18143795368129967,28.018807126258714,26.75802431143253,27.38841571884562,2021
N,PA,10,1246.573211781206,0.20227752003374105,28.012832664965366,26.820470288005833,27.416651476485598,2021
N,PA,11,1132.3911340967861,0.28464947622884773,27.219333843797855,26.083020673813174,26.651177258805514,2021
N,PA,12,1085.2202241334376,0.4169725864123957,26.836699415495584,25.815058443173342,26.325878929334465,2021
N,RO,1,1275.3389731621937,0.2674731182795699,25.61431451612903,24.496236559139785,25.055275537634408,2021
N,RO,2,1155.7993297587132,0.36607142857142855,25.5234375,24.481175595238092,25.002306547619046,2021
N,RO,3,1271.067969735183,0.29583333333333334,25.237163978494625,24.14307795698925,24.690120967741937,2021
N,RO,4,1346.7820580474934,0.15861111111111112,25.66277777777778,24.51673611111111,25.089756944444446,2021
N,RO,5,1524.4151937984498,0.020186915887850466,25.937167300380228,24.57319391634981,25.255180608365016,2021
N,RO,6,1533.9872958257713,0.0030769230769230774,25.242273730684328,23.715011037527592,24.47864238410596,2021
N,RO,7,1646.4364653243847,0.0,25.273366214549938,23.580764488286068,24.427065351418,2021
N,RO,8,1548.3220430107529,0.0,27.348252688172042,25.75698924731183,26.552620967741937,2021
N,RO,9,1521.8734072022162,0.045934379457917264,27.148787446504993,25.764336661911553,26.456562054208273,2021
N,RO,10,1374.6901204819278,,26.317741935483873,25.1125,25.71512096774194,2021
N,RO,11,1159.079217603912,,24.3175,23.285694444444445,23.80159722222222,2021
N,RO,12,1012.7228637413394,,24.52217741935484,23.575,24.048588709677418,2021
N,RR,1,1615.1146226415094,0.1136150234741784,29.58341232227488,27.7,28.641706161137442,2021
N,RR,2,,,,,,2021
N,RR,3,,,,,,2021
N,RR,4,,,,,,2021
N,RR,5,,,,,,2021
N,RR,6,,,,,,2021
N,RR,7,,,,,,2021
N,RR,8,,,,,,2021
N,RR,9,,,,,,2021
N,RR,10,,,,,,2021
N,RR,11,,,,,,2021
N,RR,12,,,,,,2021
N,TO,1,1426.602415132579,0.1910370107603169,27.08824316787507,25.70011154489682,26.394177356385946,2021
N,TO,2,1189.7575095576187,0.44693668290182004,25.61894875795032,24.532845313812555,25.07589703588144,2021
N,TO,3,1426.9355590606378,0.2239200102550955,26.679361799816345,25.38048668503214,26.029924242424244,2021
N,TO,4,1322.7848632218845,0.16810500905250453,26.853381458966563,25.551911876424413,26.20264666769549,2021
N,TO,5,1435.1711292456991,0.010688516570869513,26.885147774036664,25.350454036571712,26.117800905304186,2021
N,TO,6,1346.1474785033697,0.0051824431517715494,26.64108293351611,24.912035640849897,25.776559287183005,2021
N,TO,7,1422.6550991163124,5.6939501779359435e-05,26.555966514459666,24.64627092846271,25.601118721461187,2021
N,TO,8,1561.863107241063,0.008151177549005783,28.50348837209302,26.499132001310187,27.501310186701602,2021
N,TO,9,1539.724484629295,0.04865973741794311,29.898902332543344,28.003542472246476,28.95122240239491,2021
N,TO,10,1427.8178655462186,0.16513409961685824,28.212098276665113,26.72963782461861,27.47086805064186,2021
N,TO,11,1237.3301172909573,0.35746177370030585,26.217994182019673,25.041820196703142,25.629907189361408,2021
N,TO,12,1145.933887113951,0.551543111676742,25.947331678560346,24.907911883338503,25.427621780949423,2021
NE,AL,1,1494.9074772036472,0.08525937339496661,27.486161689730515,26.11580480699199,26.800983248361252,2021
NE,AL,2,1868.8504970178926,0.0008403361344537816,28.59726775956284,27.107019756200085,27.852143757881464,2021
NE,AL,3,1635.0602534562213,0.07124645892351274,28.15961672473868,26.732717770034842,27.44616724738676,2021
NE,AL,4,1333.48275,0.0753042233357194,27.283551931939027,26.04767812832329,26.665615030131157,2021
NE,AL,5,1180.0332896461337,0.18564940962761126,25.26335017489312,24.25452778857365,24.758938981733387,2021
NE,AL,6,1234.2953333333332,0.06993166287015945,24.27666826692271,23.30667306769083,23.791670667306768,2021
NE,AL,7,1366.8581846392551,0.07724425887265135,24.16842105263158,23.08872180451128,23.62857142857143,2021
NE,AL,8,1428.237529137529,0.09269282814614344,24.100187090739006,23.002104770813844,23.551145930776425,2021
NE,AL,9,1723.4027156549523,0.08861061419200954,25.847495183044316,24.687716763005778,25.26760597302505,2021
NE,AL,10,2041.1862862010223,0.02338152105593966,27.317064676616916,26.067014925373133,26.692039800995026,2021
NE,AL,11,2029.5360074626867,0.06116504854368932,28.35040474905559,27.095412844036698,27.722908796546143,2021
NE,AL,12,1840.160761904762,0.10456092579986385,27.86803628601921,26.73922091782284,27.303628601921027,2021
NE,BA,1,1601.6350424025518,0.09328013963346217,26.615289293849656,25.187913439635533,25.901601366742597,2021
NE,BA,2,1569.8125421506181,0.11451368826523593,26.466999892507793,25.126405460604108,25.796702676555952,2021
NE,BA,3,1828.3614108286433,0.03397717950630174,26.846548564447158,25.299811184539347,26.073179874493253,2021
NE,BA,4,1363.4697038255863,0.1555342949661466,25.930756698044895,24.666714940864107,25.2987358194545,2021
NE,BA,5,1315.7670944284034,0.05581433491881253,24.36357763975155,23.06773291925466,23.715655279503103,2021
NE,BA,6,1238.1097423312883,0.06790738313674094,23.907356022834023,22.593684514777078,23.250520268805552,2021
NE,BA,7,1218.5437172150691,0.10489196520437752,23.203509024232403,21.90104264039692,22.552275832314663,2021
NE,BA,8,1391.5895288635775,0.06192373363688104,23.133793420749942,21.738432635534085,22.436113028142014,2021
NE,BA,9,1584.0650134408602,0.01893304571475981,26.01223203026482,24.41988724872042,25.21605963949262,2021
NE,BA,10,1527.4786014669926,0.1089078777946857,27.106705729166666,25.70260959201389,26.404657660590278,2021
NE,BA,11,1373.754159575533,0.3097688564476886,25.695610030994644,24.527258382642998,25.11143420681882,2021
NE,BA,12,1217.0965590259398,0.38796337650736934,25.24117432720837,24.189698610171256,24.715436468689813,2021
NE,CE,1,1181.843063352045,0.10199589628800595,27.616207349081364,26.48149606299213,27.048851706036746,2021
NE,CE,2,1212.5662935721139,0.2010981770261366,27.54772018706157,26.449220576773186,26.99847038191738,2021
NE,CE,3,1150.2111963190184,0.28199489495385827,26.610910163161,25.569294279536074,26.090102221348538,2021
NE,CE,4,1185.3904708935854,0.26041433370660694,26.76896712520401,25.666775472138028,26.21787129867102,2021
NE,CE,5,1006.1764387794515,0.17024421593830333,26.413925039042166,25.331780322748568,25.872852680895367,2021
NE,CE,6,1118.6161528441164,0.03237718430596769,27.480415667466026,26.171675992539303,26.826045830002663,2021
NE,CE,7,1205.0885457388586,0.032988435788192334,27.882415940224156,26.511581569115815,27.196998754669984,2021
NE,CE,8,1381.735722867441,0.000931470392548237,29.13937198067633,27.696806226516372,28.41808910359635,2021
NE,CE,9,1452.4386036960987,0.014663774403470714,29.77789757412399,28.335822102425876,29.05685983827493,2021
NE,CE,10,1417.5932629870128,0.006330275229357798,30.270189925681258,28.832287365813375,29.55123864574732,2021
NE,CE,11,1413.17356870229,0.011601513240857501,30.422442133512245,29.00023482053002,29.711338477021133,2021
NE,CE,12,1212.6085203657524,0.08733663812528167,29.864018438177876,28.62131236442516,29.24266540130152,2021
NE,MA,1,1287.8529257849668,0.19174603174603175,27.150045717768975,26.165650716245047,26.65784821700701,2021
NE,MA,2,1189.3083621502672,0.46987860394537173,26.872898605352432,25.967941952506596,26.420420278929512,2021
NE,MA,3,1130.0775427682736,0.3923981405523653,26.71784702549575,25.713349858356942,26.215598441926346,2021
NE,MA,4,1236.9807783417937,0.1836111111111111,27.331825733800997,26.28619161897729,26.809008676389144,2021
NE,MA,5,1267.286096063561,0.10387096774193548,27.527272727272727,26.383851417399804,26.955562072336264,2021
NE,MA,6,1181.6770807193643,0.0525,27.303167922020382,26.009370846256093,26.656269384138238,2021
NE,MA,7,1259.1474928658783,0.03204301075268817,27.511039518900343,26.118363402061856,26.8147014604811,2021
NE,MA,8,1210.0670470756063,0.010106843777071902,28.377670144063586,26.903873851502357,27.64077199778297,2021
NE,MA,9,1345.0646886446887,0.09423614997202015,29.160427606901724,27.915266316579146,28.537846961740435,2021
NE,MA,10,1801.2042400881057,0.09256097560975611,28.869201664774877,27.730419977298524,28.2998108210367,2021
NE,MA,11,1737.3565313653137,0.18870853916725477,28.480724396336385,27.393338884263116,27.93703164029975,2021
NE,MA,12,1764.6332654446705,0.41612660135644314,28.46987899740709,27.45401901469317,27.96194900605013,2021
NE,PB,1,1421.5983676642052,0.02727272727272727,27.503097713097713,26.222453222453222,26.862775467775467,2021
NE,PB,2,1443.347490946715,0.19886524822695034,26.95528139728306,25.700859439977823,26.32807041863044,2021
NE,PB,3,1448.311479944675,0.16457364341085273,26.295004945598418,25.11003956478734,25.70252225519288,2021
NE,PB,4,1615.8876863253404,0.18767395626242545,25.59042454291912,24.450480322280754,25.02045243259994,2021
NE,PB,5,1274.0823242867084,0.26049180327868854,24.28258258258258,23.23903903903904,23.76081081081081,2021
NE,PB,6,1297.4557707203717,0.04342592592592592,24.19681784930505,22.96795903438186,23.582388441843456,2021
NE,PB,7,1377.563711001642,0.07337897704389851,24.388050784167287,23.173749066467515,23.7808999253174,2021
NE,PB,8,1570.7274566473989,0.07989949748743719,24.3743979721166,23.13675538656527,23.755576679340933,2021
NE,PB,9,1668.832327919567,0.01422893481717011,26.38438498402556,25.00658945686901,25.695487220447284,2021
NE,PB,10,1872.9498226950354,0.01775933609958506,27.209162848812994,25.779675135360268,26.49441899208663,2021
NE,PB,11,1934.340220994475,0.01207645525629887,27.616615919965202,26.185776424532406,26.901196172248802,2021
NE,PB,12,1591.577231968811,0.0726643598615917,27.444884615384613,26.236442307692307,26.840663461538462,2021
NE,PE,1,1559.1490096495684,0.04013061224489796,27.269515201314707,25.975239660367023,26.622377430840864,2021
NE,PE,2,1691.2909008189263,0.09972208598986432,28.0089332460733,26.62892670157068,27.31892997382199,2021
NE,PE,3,1698.013550420168,0.09588769143505389,27.527866988773624,26.16158874520392,26.844727866988773,2021
NE,PE,4,1573.9925624321388,0.20666915052160956,26.65111499781373,25.378064422095903,26.014589709954816,2021
NE,PE,5,1283.259515951595,0.13967874231032126,25.027531739002068,23.849143785060527,24.438337762031296,2021
NE,PE,6,1349.719322873658,0.06377440347071583,24.656105804555473,23.418133725202058,24.037119764878767,2021
NE,PE,7,1340.068217934166,0.08789833080424887,24.393638170974157,23.141657745832696,23.767647958403426,2021
NE,PE,8,1490.4270795385548,0.09319114027891716,24.60968986019605,23.352514864213404,23.981102362204727,2021
NE,PE,9,1864.0447179098826,0.02704376548307184,27.43197602315006,25.984146341463415,26.708061182306736,2021
NE,PE,10,1974.7779336734695,0.04863697705802968,29.01796811672521,27.50837611456363,28.263172115644423,2021
NE,PE,11,1821.7840767634855,0.03544132566790666,29.52108291032149,28.046734348561763,28.783908629441626,2021
NE,PE,12,1679.507553260168,0.13831692032229184,28.71924988703118,27.289380930863082,28.00431540894713,2021
NE,PI,1,1365.8904983698183,0.11555314140865472,27.73859055465647,26.37828453729587,27.05843754597617,2021
NE,PI,2,1244.692541219576,0.3327843137254902,26.440981823830978,25.30458288022371,25.872782352027343,2021
NE,PI,3,1466.4041504178274,0.25025505384470054,26.38868175765646,25.17838437638704,25.78353306702175,2021
NE,PI,4,1471.1739876265467,0.13218110088296073,27.213620506597906,25.933338389200667,26.573479447899288,2021
NE,PI,5,1499.0428328129435,0.1036427732079906,27.636722507878584,26.1134682368552,26.875095372366893,2021
NE,PI,6,1476.5348292682925,0.02970684039087948,27.970231660231658,26.31235521235521,27.141293436293434,2021
NE,PI,7,1589.4293769470405,0.03486081370449679,28.0543245311902,26.378185993111366,27.21625526215078,2021
NE,PI,8,1756.8052776082977,0.00485334458746571,28.77517956903432,27.106644054269754,27.940911811652036,2021
NE,PI,9,1762.3809750812568,0.012541993281075027,31.064457577036727,29.2533277050795,30.158892641058113,2021
NE,PI,10,1649.4500100502512,0.08123791102514506,30.5086135978708,28.888797483668036,29.698705540769417,2021
NE,PI,11,1383.3088311688311,0.22775966464834654,27.808183476674486,26.509864477456347,27.159023977065416,2021
NE,PI,12,1179.8350863574617,0.3026979472140763,27.3351585728444,26.202713082259663,26.76893582755203,2021
NE,RN,1,1889.5874769797422,0.04494180841539839,30.44020979020979,28.8593006993007,29.649755244755244,2021
NE,RN,2,1975.0398667935299,0.06573816155988857,30.369362017804157,28.707566765578637,29.5384643916914,2021
NE,RN,3,2014.4101313320828,0.059293044469783354,29.77225340817963,28.14258219727346,28.957417802726546,2021
NE,RN,4,2058.964906832298,0.1347037484885127,30.307917570498915,28.62527114967462,29.466594360086766,2021
NE,RN,5,1951.3844444444444,0.2982843137254902,28.84727577535625,27.43176865046102,28.139522212908634,2021
NE,RN,6,1755.9356846473029,0.006010362694300518,29.262475442043225,27.6743287491814,28.468402095612312,2021
NE,RN,7,1770.2499512195122,0.012890995260663509,29.361261261261262,27.739159159159158,28.55021021021021,2021
NE,RN,8,1752.1809139784948,0.005758157389635317,29.92067448680352,28.19868035190616,29.05967741935484,2021
NE,RN,9,1959.9420982735724,0.005616850551654965,30.900888230940044,29.16454478164323,30.032716506291635,2021
NE,RN,10,2087.634569536424,0.0001926782273603083,31.9265037593985,30.08063909774436,31.00357142857143,2021
NE,RN,11,2090.738567493113,0.0021321961620469083,32.51210191082803,30.564861995753713,31.53848195329087,2021
NE,RN,12,1997.5556291390728,0.017344753747323343,32.393903743315505,30.517219251336897,31.4555614973262,2021
NE,SE,1,1550.354050144648,0.06857335127860027,26.717894114167404,25.532606941081518,26.12525052762446,2021
NE,SE,2,1798.0838219326818,0.012749003984063745,27.589063083240017,26.56099671739779,27.075029900318903,2021
NE,SE,3,1707.2822266600099,0.06498625114573786,27.0935682517961,26.129588219252796,26.611578235524448,2021
NE,SE,4,1413.0929673041333,0.1848289538919187,26.045335658238884,25.438584247258223,25.74195995274855,2021
NE,SE,5,1202.0350267379679,0.2165297245045916,24.577624113475174,23.539858156028366,24.05874113475177,2021
NE,SE,6,1188.8597725657428,0.11669980119284294,23.907108831073653,22.84620740197875,23.3766581165262,2021
NE,SE,7,1162.4970430107528,0.23872198378636147,23.225942897426858,22.200810715544588,22.713376806485723,2021
NE,SE,8,1400.0650208623088,0.04534130543099153,23.218850072780203,22.064374090247455,22.641612081513827,2021
NE,SE,9,1523.5027368421052,0.052857891976927106,25.239220979560354,24.034978789047436,24.637099884303893,2021
NE,SE,10,1642.736499674691,0.04519277696437286,26.54514510927983,25.32225008957363,25.93369759942673,2021
NE,SE,11,1616.5125594025799,0.09178947368421053,27.067228177641656,25.987557427258807,26.52739280245023,2021
NE,SE,12,1687.1898792943362,0.2512987012987013,26.97543966040024,25.815039417828988,26.395239539114613,2021
S,PR,1,1161.4273384353742,0.37395390872119294,22.92766726943942,21.81726039783002,22.37246383363472,2021
S,PR,2,1640.0447524752474,0.11058748267405907,23.06288284429214,21.533229813664594,22.29805632897837,2021
S,PR,3,1351.188845144357,0.2024602890242446,23.171324743970928,21.739533091069266,22.455428917520095,2021
S,PR,4,1303.3621263157893,0.03015852885225111,19.885977386641798,18.417531180790302,19.151754283716052,2021
S,PR,5,1079.154716572912,0.1026657394529439,17.495336124680158,16.054280065131426,16.774808094905794,2021
S,PR,6,859.5052180303773,0.11818422445738486,15.678364361702128,14.550997340425532,15.11468085106383,2021
S,PR,7,1175.5521886336155,0.04040905770635501,14.652297444263187,13.076876019575856,13.864586731919522,2021
S,PR,8,1158.8770149253733,0.08073447138143738,18.532066137221715,17.182671527144905,17.85736883218331,2021
S,PR,9,1312.0858672875436,0.10598187311178248,21.271727247881934,19.858308280951082,20.56501776441651,2021
S,PR,10,1125.434063619128,0.34133371249822264,19.455287282117496,18.329089735313104,18.8921885087153,2021
S,PR,11,1628.8217925386716,0.07486733177669284,23.34748343716009,21.87510135469198,22.611292395926036,2021
S,PR,12,1672.5093673965937,0.08599934217739283,24.817603414981196,23.135684520784633,23.976643967882914,2021
S,RS,1,1498.2356518719982,0.280264776097808,23.723034672159287,22.4869172674219,23.104975969790594,2021
S,RS,2,1618.9922647730154,0.1570070900588324,22.707749461593682,21.38254127781766,22.045145369705672,2021
S,RS,3,1344.3405550086143,0.17971044325511185,22.163195691202873,20.95751591317121,21.56035580218704,2021
S,RS,4,1306.5081299688904,0.05815551797344464,20.007588354031956,18.783766122686373,19.395677238359163,2021
S,RS,5,1039.7564977349944,0.19463749463749463,14.630737609812698,13.395325708602686,14.013031659207691,2021
S,RS,6,760.0685321233074,0.20419569996646422,13.234281167842811,12.289625709146257,12.761953438494533,2021
S,RS,7,1078.6102326991588,0.05056824838898653,13.023564911272361,11.729808175874705,12.376686543573534,2021
S,RS,8,1026.231797833935,0.12145112900678982,15.91535810173427,14.767357230970177,15.341357666352224,2021
S,RS,9,1082.2121270310192,0.26845467236346715,17.47905199939182,16.45643910597537,16.967745552683596,2021
S,RS,10,1476.14456673168,0.1578173933991809,18.838072776280324,17.59640729181444,18.217240034047382,2021
S,RS,11,1569.4785336572818,0.09258599532913747,21.53120082107424,20.188014596875355,20.8596077089748,2021
S,RS,12,1795.4685355122563,0.06317469971111449,23.508816952401236,22.01636318460938,22.762590068505308,2021
S,SC,1,1089.9900572669826,0.41529085872576177,21.844566186775385,20.86694483373678,21.35575551025608,2021
S,SC,2,1598.3234093067426,0.1494000154834714,21.62654178067775,20.313098996702447,20.9698203886901,2021
S,SC,3,1259.6815870910698,0.2005168319597709,21.655519686036207,20.51538802380048,21.08545385491834,2021
S,SC,4,1243.0848161328588,0.05848002708192282,18.56594166366583,17.366510622974435,17.96622614332013,2021
S,SC,5,997.4093949694085,0.16350994965236154,15.225912434826084,14.008763659738591,14.617338047282338,2021
S,SC,6,707.3967960023515,0.26034819532908704,13.359293173906464,12.452217345239898,12.90575525957318,2021
S,SC,7,1077.3974189583653,0.058144039443564006,12.540951194831479,11.22946358958366,11.885207392207569,2021
S,SC,8,970.4219136690647,0.058887428821725804,16.158305557708704,15.076714983334627,15.617510270521667,2021
S,SC,9,1080.560282643898,0.24289108910891088,17.700530158178342,16.614392490874327,17.157461324526334,2021
S,SC,10,1040.709825354944,0.2947359246993202,17.272789692948617,16.293905261533716,16.783347477241165,2021
S,SC,11,1444.555107451856,0.1623871221044366,20.176005559899227,18.956441664494832,19.566223612197028,2021
S,SC,12,1551.2580615705715,0.09001514206822837,21.442243037551226,20.076967466755875,20.75960525215355,2021
SE,ES,1,1624.144173545786,0.05583559519193486,26.38872315803009,24.87555612704128,25.632139642535684,2021
SE,ES,2,1229.008196400626,0.2991579741108458,25.420994475138123,24.185596813568033,24.803295644353078,2021
SE,ES,3,1543.1476440773417,0.20242345276872964,25.86867673716012,24.435963746223564,25.15232024169184,2021
SE,ES,4,1264.6826104746317,0.08543101074084274,23.839697322467988,22.509584788513777,23.17464105549088,2021
SE,ES,5,1092.015048137296,0.04186299877434291,22.80419252691577,21.50376187460418,22.153977200759975,2021
SE,ES,6,1023.5732302330647,0.060430229266911974,21.292164760914762,20.021907484407485,20.657036122661125,2021
SE,ES,7,1145.155919070168,0.008539638386648122,20.40959544879899,19.016042983565107,19.712819216182048,2021
SE,ES,8,1198.1014834794337,0.08182632050134288,21.289979770735,19.92818610923803,20.609082939986514,2021
SE,ES,9,1299.740236127509,0.04831059129304743,23.625247957993,22.332219953325556,22.97873395565928,2021
SE,ES,10,1029.3128244610646,0.30361102312321825,23.282078291814948,22.26959430604982,22.775836298932383,2021
SE,ES,11,1176.9261294027565,0.2748701558130244,23.11059667031231,22.070190788674203,22.590393729493258,2021
SE,ES,12,1096.089945092656,0.3076498138585325,24.3287494486105,23.266552712836347,23.797651080723423,2021
SE,MG,1,1655.309739226928,0.1732405736537183,24.78369301963498,23.29545238301185,24.039572701323415,2021
SE,MG,2,1324.9644401105152,0.394868729376883,23.613455176402546,22.360844418739156,22.98714979757085,2021
SE,MG,3,1620.4502172421678,0.11510280207824504,24.109506144215164,22.613312817486246,23.361409480850703,2021
SE,MG,4,1473.9581934014009,0.05193016255267911,22.40354510829145,20.926161231434946,21.6648531698632,2021
SE,MG,5,1343.5719527830586,0.017946147235749072,21.30359413489736,19.720063343108503,20.51182873900293,2021
SE,MG,6,1262.4926405913727,0.013721970826908006,20.03004606000249,18.483054898543507,19.256550479273,2021
SE,MG,7,1406.602562816362,0.00323580895223806,18.95959943901779,17.185670349137613,18.0726348940777,2021
SE,MG,8,1477.2867675365953,0.010760830371400609,21.13597571595631,19.455915503470926,20.29594560971362,2021
SE,MG,9,1634.4496849810062,0.020050068915079742,25.138556333342205,23.390327646322962,24.264441989832584,2021
SE,MG,10,1305.1658797249354,0.24963201343220934,23.72455131462808,22.464741755155536,23.094646534891808,2021
SE,MG,11,1368.8417612827088,0.31253790651469204,23.218249303268305,21.95996149169031,22.589105397479308,2021
SE,MG,12,1222.9972102091456,0.4137326776933393,23.126723482306627,21.946383035834117,22.536553259070374,2021
SE,RJ,1,1763.192509105227,0.1520919540229885,25.933087902129586,24.56240937924785,25.24774864068872,2021
SE,RJ,2,1308.5441232493,0.2637664712187126,24.291927860696518,23.106007089111376,23.698967474903945,2021
SE,RJ,3,1545.75243671239,0.15980242267435021,24.860195353138366,23.565131198705352,24.21266327592186,2021
SE,RJ,4,1307.94915726931,0.13267591916240565,21.814098100299308,20.560955347871236,21.187526724085274,2021
SE,RJ,5,1025.0103699211643,0.10255939260347784,20.551745582168586,19.352684398473095,19.95221499032084,2021
SE,RJ,6,903.0382308657465,0.05189324960753532,19.404026719940067,18.276808789562395,18.84041775475123,2021
SE,RJ,7,1067.3368551528745,0.024050632911392405,17.819565608687828,16.416583668326634,17.11807463850723,2021
SE,RJ,8,1088.6382738161872,0.08215680559603615,19.88499123319696,18.59081239041496,19.237901811805962,2021
SE,RJ,9,1138.1324204457258,0.05168775069423018,22.413419993809967,21.219707848477345,21.816563921143654,2021
SE,RJ,10,775.8892570101805,0.27883235664603756,21.37825467302527,20.49372362001864,20.935989146521955,2021
SE,RJ,11,1138.6298238359109,0.22341975573173345,21.709851002251046,20.617745739093152,21.163798370672097,2021
SE,RJ,12,1185.3822429175145,0.34813243662700466,23.139055305499507,22.041776605101145,22.590415955300326,2021
SE,SP,1,1444.4392381863097,0.23547922020936501,25.228525210293167,23.93133741476283,24.579931312527997,2021
SE,SP,2,1533.4089029345373,0.18727272727272726,24.58994398066784,23.177141915641478,23.88354294815466,2021
SE,SP,3,1484.1403692787796,0.16105826771653545,24.954425213123226,23.547326272281065,24.250875742702146,2021
SE,SP,4,1460.6909141274239,0.05096185411332152,22.35600781504396,20.91528275263215,21.635645283838056,2021
SE,SP,5,1175.4626429601153,0.042876974945461756,20.747561575009556,19.265588990224455,20.006575282617007,2021
SE,SP,6,1073.7704477303278,0.04711832823106615,19.22544665791426,17.861053713111477,18.543250185512868,2021
SE,SP,7,1288.156774729842,0.0167552997741677,17.806744212697684,16.083400183360073,16.94507219802888,2021
SE,SP,8,1301.2592683175378,0.015648496240601505,21.611658522563953,19.985949985628054,20.798804254096005,2021
SE,SP,9,1408.8721563849817,0.03305850019630938,24.98953323903819,23.332956152758133,24.161244695898162,2021
SE,SP,10,1229.9135926671138,0.21149407361197753,22.347071642604195,21.08872241895941,21.717897030781803,2021
SE,SP,11,1540.8729574468086,0.16947087933003427,24.4275010236113,22.96709430872117,23.697297666166236,2021
SE,SP,12,1446.6248087178299,0.19016094242575077,24.66218051422904,23.22296482795453,23.942572671091785,2021
