Regiao,Estado,Mês,RADIACAO GLOBAL (Kj/m²),"PRECIPITAÇÃO TOTAL, HORÁRIO (mm)",TEMPERATURA MÁXIMA NA HORA ANT. (AUT) (°C),TEMPERATURA MÍNIMA NA HORA ANT. (AUT) (°C),Ano
CO,DF,1,1395.985288640596,0.5307319698600645,23.091523143164693,21.794994617868674,2020
CO,DF,2,1367.029353493222,0.4747335061941803,22.618179199078075,21.292365312590032,2020
CO,DF,3,1369.523778664008,0.460567296996663,22.58174470457079,21.29367335562988,2020
CO,DF,4,1357.0053911205075,0.2995265942634363,22.2760790866054,20.99250905040379,2020
CO,DF,5,1420.355944055944,0.0337152209492635,20.355852660300137,18.91885402455662,2020
CO,DF,6,1438.6094444444443,0.0,20.222361111111116,18.615194444444445,2020
CO,DF,7,1583.5278882321331,0.0,20.18695885990858,18.4652594783544,2020
CO,DF,8,1699.9757188498402,0.0,21.56059181415929,19.88606194690265,2020
CO,DF,9,1857.830694143167,0.0442211055276381,24.50938285395141,22.69246020664619,2020
CO,DF,10,1416.5299559471366,0.2142699724517906,24.727124724061813,23.21564569536424,2020
CO,DF,11,1439.9453549309194,0.2490458558815152,22.65733409285104,21.33207063514668,2020
CO,DF,12,1504.7877777777778,0.3004687069203198,23.37000275709953,21.915384615384617,2020
CO,GO,1,1376.328097846619,0.4219397246682376,25.3064009947892,24.03397086688773,2020
CO,GO,2,1377.7493429419246,0.5000489818767057,24.78992764295319,23.538682205289103,2020
CO,GO,3,1403.2731505284205,0.2744374813488511,24.898169822145725,23.612208835341363,2020
CO,GO,4,1346.5103741670937,0.1652512035551166,24.41535134494608,23.13132480151677,2020
CO,GO,5,1315.7073775573465,0.0317220917295092,22.127064464571124,20.675048836796304,2020
CO,GO,6,1320.585750798722,0.0009729145396672,22.67382716049383,21.05209274314965,2020
CO,GO,7,1380.543798071715,0.0,22.738842209316694,20.96458050166811,2020
CO,GO,8,1521.3435392947938,0.0001046298718284,24.04514311914587,22.22842077683893,2020
CO,GO,9,1634.6318459587226,0.0195264168385124,27.53393231715844,25.61990630681024,2020
CO,GO,10,1398.0673533900151,0.1925053229240596,27.430163641364132,25.83797015746407,2020
CO,GO,11,1574.4753759398498,0.1777795055201368,25.66959173423262,24.20903415614236,2020
CO,GO,12,1476.385498489426,0.2819169060463813,25.502716742716743,24.07889785889786,2020
CO,MS,1,1453.9607568978374,0.2429088957466791,27.24247844745737,25.9344081121112,2020
CO,MS,2,1391.3938642828118,0.2265363128491619,26.635476209974613,25.36938700298923,2020
CO,MS,3,1606.511088918479,0.085200179937022,27.196057029233828,25.637401091693818,2020
CO,MS,4,1484.7944754464284,0.1080038924705023,24.164131885734623,22.614487852629704,2020
CO,MS,5,1237.352503417635,0.1237883610593958,20.446505304448607,18.92765891058215,2020
CO,MS,6,1001.6001194852942,0.0895258404415454,21.675130877705985,20.411507805499223,2020
CO,MS,7,1165.8676419493463,0.0079859315196027,21.07575657739916,19.506669176824964,2020
CO,MS,8,1259.9816782069972,0.1000605426825912,22.81643257729912,21.148374609161745,2020
CO,MS,9,1365.864466278737,0.020895343972267,27.04813076549604,25.1912406786988,2020
CO,MS,10,1366.8478348623853,0.153102998696219,27.66417001848027,26.05148660422566,2020
CO,MS,11,1670.1550516705126,0.1067936507936507,26.96217956733775,25.310136403453885,2020
CO,MS,12,1469.8811155378485,0.1599609262770786,27.053933747412007,25.62984817115252,2020
CO,MT,1,1260.9731052069742,0.2837765833138583,26.459177813043148,25.22507745787048,2020
CO,MT,2,1149.4196931117665,0.4089623601220752,26.01971644690613,24.86299677765843,2020
CO,MT,3,1343.352107409925,0.2654743798185346,26.655668065192835,25.370856866225598,2020
CO,MT,4,1282.6787821908551,0.1647778457432019,26.34008939974457,25.087858663260963,2020
CO,MT,5,1164.7785675738185,0.079734146872957,24.414833235810416,23.086529298670904,2020
CO,MT,6,1255.480500468125,0.0018257625630897,25.10445977415528,23.55225185640845,2020
CO,MT,7,1332.9754783219237,0.001719303084632,25.381903491420942,23.550121900731405,2020
CO,MT,8,1407.5752996696556,0.001459478904363,27.12197694761758,25.213656478336937,2020
CO,MT,9,1389.1128294111268,0.0221903096903096,29.81944843974736,27.864701100550278,2020
CO,MT,10,1341.891781928319,0.1271826536473291,28.857724070925432,27.268721156181684,2020
CO,MT,11,1491.5751599360256,0.1501337136744517,27.97264598877721,26.481804168208164,2020
CO,MT,12,1351.7313877808103,0.1865688715429648,26.58662575032036,25.26459162338976,2020
N,AC,1,997.3571292775664,0.2873655913978494,26.694886745907155,25.567593630858937,2020
N,AC,2,906.7566655184291,0.3068998562529947,26.20543973160796,25.176683441169423,2020
N,AC,3,1013.7735693701112,0.305065963060686,26.333623647400373,25.211744523621007,2020
N,AC,4,1028.9613449972662,0.2165261382799325,25.69505201012089,24.58737700309249,2020
N,AC,5,1230.3005012531328,0.1552135054617676,25.67672382342211,24.154688070047428,2020
N,AC,6,1183.644744744745,0.0815450643776824,26.42156693930263,24.79427464485579,2020
N,AC,7,1217.0730110775428,0.1280473372781065,25.99707293666027,24.25945297504798,2020
N,AC,8,1396.5960446247464,0.0595518867924528,26.378416422287387,24.448856304985338,2020
N,AC,9,1375.6240963855423,0.2148414123279473,27.61446578631453,25.931212484994,2020
N,AC,10,1500.5595465393794,0.1915322580645161,26.50960526315789,25.205789473684213,2020
N,AC,11,1497.1168604651164,0.1552777777777777,26.98201438848921,25.662851536952257,2020
N,AC,12,1245.4225685785536,0.4488644184445974,25.686157024793392,24.577272727272724,2020
N,AM,1,788.7039461883409,0.2086736244806971,27.59042053740885,26.513355309159927,2020
N,AM,2,702.5358269308532,0.2478934221482098,27.513519989910456,26.49706142010342,2020
N,AM,3,728.2378845398613,0.3663818600065724,27.6441414263304,26.64353807167853,2020
N,AM,4,669.686546184739,0.4237912789636928,26.994276471320145,26.03299738708473,2020
N,AM,5,621.568551644547,0.3614730878186969,26.921353682813532,25.927949568679495,2020
N,AM,6,697.8698022190063,0.2205956225331898,27.40356394129979,26.285040431266847,2020
N,AM,7,810.0019234071784,0.0982004167455957,27.987416134838817,26.66812305678285,2020
N,AM,8,847.2069292216237,0.0645172533983966,28.487203791469195,27.14042478497455,2020
N,AM,9,891.2195335858083,0.1257696030977735,28.994445490491437,27.65466013933346,2020
N,AM,10,832.4425354969575,0.129859034600598,28.405915379987967,27.12279927812312,2020
N,AM,11,787.2407818411098,0.3396944184596196,27.886613566289824,26.745940390544707,2020
N,AM,12,704.4982990786675,0.312293411817976,27.098077363241018,26.074433508812085,2020
N,AP,1,1251.0705583756344,0.3243626062322946,26.477998580553585,25.508516678495383,2020
N,AP,2,1214.7722443559096,0.2893303899926416,26.43556701030928,25.484167893961708,2020
N,AP,3,1251.8667490729297,0.3174410774410774,26.57744107744108,25.678047138047138,2020
N,AP,4,1203.5953667953668,0.5959971408148678,26.538637992831543,25.621792114695342,2020
N,AP,5,1362.0574149659865,0.4735668789808916,27.27810745789896,26.29045709703288,2020
N,AP,6,1299.802551020408,0.3730555555555556,26.71333333333333,25.68923611111111,2020
N,AP,7,1454.291707920792,0.1606182795698924,27.18279569892473,26.045967741935485,2020
N,AP,8,1615.8974452554744,0.1374999999999999,28.13770161290323,27.0065188172043,2020
N,AP,9,1763.6640204865555,0.0720946416144746,28.53757828810021,27.37689631176061,2020
N,AP,10,1808.3162060301504,0.0239569313593539,29.218977119784658,27.984791386271876,2020
N,AP,11,1408.768992248062,0.4283530229325921,27.55517720639333,26.5184850590688,2020
N,AP,12,1479.2932098765432,0.1023066485753053,27.57238805970149,26.47951153324288,2020
N,PA,1,1053.4501002004008,0.4038327696907317,26.4115079182924,25.4270599036034,2020
N,PA,2,997.2341129101344,0.5006035759025168,26.288490284005977,25.32704499768053,2020
N,PA,3,1086.6303511781168,0.5465759961822954,26.398253789704857,25.432477899812483,2020
N,PA,4,1121.9299774973094,0.4603935511555201,26.44339455631777,25.489328391237,2020
N,PA,5,1171.8511324570272,0.2686249622242369,27.05248658918194,25.98728207420653,2020
N,PA,6,1253.913933628797,0.0955854609483083,27.08339833203336,25.87227455450891,2020
N,PA,7,1353.8655372807016,0.0395656515227159,27.48019851426431,26.06223859167239,2020
N,PA,8,1471.0147593715203,0.0355471750820588,28.405017119698137,26.88754192286193,2020
N,PA,9,1531.4697781065088,0.0555998008959681,28.79452751898536,27.303084631644875,2020
N,PA,10,1486.908835125448,0.1303379200599082,28.68856178511157,27.293615824505483,2020
N,PA,11,1254.5025857115495,0.3415424219671779,27.28025893319524,26.165126877265664,2020
N,PA,12,1256.1426934097422,0.2233407177669472,27.043105435842865,25.93466347432828,2020
N,RO,1,1270.3761417322837,0.4451612903225806,26.452867383512547,25.35506272401434,2020
N,RO,2,1203.355642361111,0.5618773946360154,26.03999042145594,25.064032567049807,2020
N,RO,3,1187.1211195928754,0.3806451612903226,26.08418458781362,25.091263440860214,2020
N,RO,4,1352.529673321234,0.2056560037088549,26.512980992118685,25.430968938340285,2020
N,RO,5,1307.7974842767296,0.1496055684454756,25.213376683697167,24.078913144449604,2020
N,RO,6,1355.0887305699482,0.0149193548387096,25.9514131897712,24.630753701211308,2020
N,RO,7,1521.1602809706258,0.0019620667102681,26.715672131147542,25.154295081967216,2020
N,RO,8,1627.0308153477215,0.0020291693088142,27.68335451080051,26.068805590851337,2020
N,RO,9,1333.7277044854882,0.0201388888888888,29.183055555555555,27.603472222222223,2020
N,RO,10,1338.8632678132678,0.0970430107526881,27.41021505376344,26.036693548387092,2020
N,RO,11,1520.8011221945137,0.3291666666666666,27.530486111111117,26.24263888888889,2020
N,RO,12,1257.8881176470586,0.2336021505376344,25.98702956989247,24.83844086021505,2020
N,RR,1,1588.91725,0.0094086021505376,28.491935483870968,27.23924731182796,2020
N,RR,2,1680.2251989389922,0.0025862068965517,29.242672413793105,27.966379310344827,2020
N,RR,3,1721.7778054862845,0.0075268817204301,30.391397849462365,29.059274193548383,2020
N,RR,4,1559.673297002725,0.1455555555555555,29.526805555555555,28.213194444444444,2020
N,RR,5,1323.8563591022444,0.3889784946236558,27.46666666666667,26.29462365591398,2020
N,RR,6,1060.834903640257,0.5272222222222221,26.64125,25.435,2020
N,RR,7,819.6620168067227,0.4014970059880239,26.824580152671757,25.40274809160305,2020
N,RR,8,1034.6840384615384,0.2580645161290322,27.0375,25.719220430107526,2020
N,RR,9,1381.58547008547,0.1807106598984771,27.963171355498723,26.44450127877238,2020
N,RR,10,,,,,2020
N,RR,11,,,,,2020
N,RR,12,1716.8714285714284,0.0109890109890109,29.21318681318681,27.745054945054942,2020
N,TO,1,1332.959038686987,0.4255489323172112,26.27783431711785,25.140816880385373,2020
N,TO,2,1386.8480728893549,0.4079641441130839,26.297642792384405,25.113599274705347,2020
N,TO,3,1274.2345347554246,0.4204856584093872,26.050491049662188,24.981758027443057,2020
N,TO,4,1342.2061053732514,0.3363214315860555,26.515850349850066,25.33593459945737,2020
N,TO,5,1376.9300989554702,0.0688718546908848,26.58696715842538,25.29425457780414,2020
N,TO,6,1480.8847380766224,0.0018556350017024,26.0462370168568,24.455295419717352,2020
N,TO,7,1549.2443808049534,8.661008141347653e-05,25.953894134973577,24.06233214935459,2020
N,TO,8,1642.3576321090966,0.0006990500089621,27.7938245047952,25.76082280182845,2020
N,TO,9,1710.1700540009815,0.0116338582677165,29.757245131729672,27.712151584574265,2020
N,TO,10,1496.5848959999998,0.1522771845718021,29.46698866436668,27.81492360768852,2020
N,TO,11,1462.3391097240474,0.2022689183962872,27.708059316569955,26.375478186116485,2020
N,TO,12,1388.606346942414,0.2133645955451348,27.247693574958813,25.88598328821937,2020
NE,AL,1,1640.6972693421596,0.0302551365996839,28.71702415895236,27.488168886881915,2020
NE,AL,2,1621.7867021276595,0.0703386676590993,28.85115252574792,27.656204021579207,2020
NE,AL,3,1520.0994001713796,0.1943771964076532,28.457121661721068,27.26839762611276,2020
NE,AL,4,1488.5622613065327,0.2828762949421085,27.641326530612243,26.537815126050425,2020
NE,AL,5,1213.6267195767196,0.2787309048178613,26.23812814070352,25.21768216080402,2020
NE,AL,6,1197.688675096207,0.2205574912891986,25.1600531738119,24.06616816218013,2020
NE,AL,7,1270.431076759062,0.2097494922139472,24.35040595399188,23.149932341001357,2020
NE,AL,8,1481.7615550755938,0.1308607417774667,24.52355570839065,23.26420220082531,2020
NE,AL,9,1624.681423220974,0.0864779874213836,25.299610705596105,23.940535279805356,2020
NE,AL,10,1872.669779735683,,27.46549413735343,26.07386934673367,2020
NE,AL,11,1680.0122990353698,0.0108345534407027,27.48058968058968,26.14904176904177,2020
NE,AL,12,1539.5092934782608,0.0208483105679367,27.93209520375045,26.43764875586008,2020
NE,BA,1,1514.8718892240197,0.1898280802292263,26.694001218026795,25.467530450669912,2020
NE,BA,2,1593.0825691325929,0.0903275293395719,27.084807058367268,25.79808351108526,2020
NE,BA,3,1392.963882163035,0.2732745793750715,26.051398006321417,24.93528750303914,2020
NE,BA,4,1308.6839818301355,0.2411165111178013,25.470586570215445,24.41283220632175,2020
NE,BA,5,1128.613444723919,0.1403575025176233,24.20457722308892,23.158702028081123,2020
NE,BA,6,1123.4603112110983,0.1147480785653287,23.233863212638603,22.07987439897949,2020
NE,BA,7,1266.821047293014,0.0898840463814474,22.63146198074811,21.343068027650364,2020
NE,BA,8,1395.726361179045,0.0785979516056636,23.168874928612222,21.84244490728299,2020
NE,BA,9,1646.5847490347492,0.0383801726045585,24.914049408464887,23.451659534683014,2020
NE,BA,10,1603.8030330372017,0.093851744909643,26.90028647748829,25.52534551507878,2020
NE,BA,11,1429.8614810117665,0.218060704355885,25.35366601732499,24.183582708169272,2020
NE,BA,12,1752.48172730006,0.0213982596767971,26.524853161843517,25.09935691318328,2020
NE,CE,1,1150.615297230003,0.1968908629441624,27.36468222832483,26.23393487642213,2020
NE,CE,2,1161.2888617744466,0.2191126279863481,26.7988649134637,25.684861766689146,2020
NE,CE,3,1179.7208522727271,0.3595364143654314,26.66520353982301,25.585002949852505,2020
NE,CE,4,1196.19637031932,0.1909205947484973,26.89852209748472,25.77749040784425,2020
NE,CE,5,1162.2361421546714,0.1368926445169963,26.563839225702377,25.41305282968141,2020
NE,CE,6,1180.2372132335183,0.0315509915014164,26.28806362177149,25.005530424631548,2020
NE,CE,7,1335.4229215840544,0.0301246105919003,26.465659383232605,25.03858670385867,2020
NE,CE,8,1523.5287581699345,0.0032792207792207,27.498861603512765,25.95648072857375,2020
NE,CE,9,1524.7579318448884,0.0019573575672841,28.2547186298497,26.769293953163228,2020
NE,CE,10,1547.463366906475,0.0047918852745715,28.88404273953407,27.418497109826596,2020
NE,CE,11,1373.1672207084468,0.0372851631006664,28.20324493493658,26.883462362049087,2020
NE,CE,12,1353.3803733186935,0.0356027897708402,28.43233095198538,27.132945672038545,2020
NE,MA,1,1493.0683465222826,0.38831034806267,26.99510483375735,26.01080796561102,2020
NE,MA,2,1473.460786535038,0.3102232667450059,26.971369019422077,25.983098057792517,2020
NE,MA,3,1391.7777684704306,0.4824119482835488,26.752349187935035,25.8215003866976,2020
NE,MA,4,1334.8173697761931,0.449313951908708,26.88031206975677,25.865098669114275,2020
NE,MA,5,1495.10579481398,0.0788132635253054,27.83082200647249,26.691818770226536,2020
NE,MA,6,1511.7610439701723,0.0139190678633286,27.2937349738368,26.020322443784472,2020
NE,MA,7,1604.9941914841252,0.0027529874451671,27.230527604025017,25.758254011422355,2020
NE,MA,8,1577.719454163751,0.0011752297724875,28.176084010840107,26.66319783197832,2020
NE,MA,9,1370.6710834728533,0.0060577673692427,29.48958157820837,28.02659365346813,2020
NE,MA,10,1422.3270004679457,0.0377761081893313,29.49777027027027,28.23443243243243,2020
NE,MA,11,1231.4182245185532,0.2317783432287249,28.028025477707008,27.040268931351733,2020
NE,MA,12,1216.9275683825113,0.0877514218338188,27.77161335187761,26.72865090403338,2020
NE,PB,1,1440.5576181157394,0.0647317854283426,27.96395796847636,26.7338704028021,2020
NE,PB,2,1466.1615821094792,0.1456796000952154,27.51873848044235,26.36442760597993,2020
NE,PB,3,1414.0538837744534,0.3120871519972332,26.67803738317757,25.57973347178955,2020
NE,PB,4,1429.3940185630802,0.2261925795053003,26.42433307926829,25.360099085365853,2020
NE,PB,5,1173.6633485888633,0.2344218021114657,25.34239152999793,24.30301017230641,2020
NE,PB,6,1161.340212264151,0.1163964703468089,24.25384773240304,23.15134414118613,2020
NE,PB,7,1235.4273734177216,0.1181573143837294,23.927502590673573,22.66381347150259,2020
NE,PB,8,1423.6114285714286,0.0205250596658711,24.856323469801374,23.50074989866234,2020
NE,PB,9,1529.390084643289,0.0388973191704603,25.61442019683355,24.2346812152332,2020
NE,PB,10,1636.747812251392,0.0101221640488656,27.19751840168244,25.800946372239743,2020
NE,PB,11,1516.1656463954891,0.0428940568475452,27.178906079755937,25.87709740684245,2020
NE,PB,12,1505.1329783187523,0.0139860139860139,27.324886877828057,25.977910324969148,2020
NE,PE,1,1394.7761817515575,0.0712297570850202,27.815105672969967,26.46031145717464,2020
NE,PE,2,1427.404518192723,0.1423052362707535,27.229887694722866,25.96868735659945,2020
NE,PE,3,1290.743273542601,0.2983420463032114,26.49925081068992,25.314212233031423,2020
NE,PE,4,1290.7804157761802,0.1576477851520296,26.036469780219782,24.8573489010989,2020
NE,PE,5,1090.6342261335374,0.1349353049907578,25.116566230812964,23.982330869812397,2020
NE,PE,6,1047.6801604382704,0.122510460251046,23.81265701638952,22.637803565019738,2020
NE,PE,7,1160.0108449641646,0.0643433365601807,23.22082188644689,21.97488553113553,2020
NE,PE,8,1354.4718112005994,0.0331845023764943,23.81921249151392,22.531093007467756,2020
NE,PE,9,1510.6694391087206,0.0199139338180738,25.06212997224792,23.68297872340425,2020
NE,PE,10,1644.2583491101857,0.0090762699458351,27.565098545283902,26.07055373064289,2020
NE,PE,11,1469.2063706163106,0.0914379622021364,27.05377053595475,25.68175329921896,2020
NE,PE,12,1480.0180046111927,0.0261627127730867,27.436591579511934,26.038664700361977,2020
NE,PI,1,1242.0843666082894,0.2396990525729147,27.008201692524683,25.87679830747532,2020
NE,PI,2,1384.428766066838,0.2796184419713831,26.882381202612414,25.70136626379401,2020
NE,PI,3,1303.934458438287,0.4636512618813504,26.47439416058394,25.392233576642333,2020
NE,PI,4,1335.423104494072,0.2584482551864732,26.828081527013914,25.664340019411195,2020
NE,PI,5,1335.7368856088565,0.0634179084440864,26.967177694100773,25.68660570199032,2020
NE,PI,6,1450.7457431222529,0.0188050740776605,26.81083624369421,25.3819654637175,2020
NE,PI,7,1590.537415654521,0.0026604857401995,27.19550414225096,25.56245706203273,2020
NE,PI,8,1728.0624079528718,0.0022791379893941,28.35027167760924,26.646694589087616,2020
NE,PI,9,1810.820466226138,0.0007466168922071,29.9109411489958,28.169652031760855,2020
NE,PI,10,1711.9861637678323,0.0496255870034268,30.636040868454664,28.88979565772669,2020
NE,PI,11,1350.562087912088,0.128674772972141,28.095128494775487,26.801962722394805,2020
NE,PI,12,1346.5103016622204,0.0462154585502603,28.218057874234837,26.83504451864218,2020
NE,RN,1,1579.6523910733265,0.1490422984836392,29.01126225245049,27.933366673334667,2020
NE,RN,2,1562.1917361637604,0.2461881188118811,28.60891800507185,27.542561284868977,2020
NE,RN,3,1555.1598765432095,0.3563267233238905,27.989658634538152,26.96698795180723,2020
NE,RN,4,1586.788823794502,0.2606060606060606,28.25792181069959,27.187577160493827,2020
NE,RN,5,1455.5826334888543,0.2053446940356313,27.82859290438965,26.75604329524955,2020
NE,RN,6,1471.0688636363636,0.1813455657492355,27.345119006553983,26.09755087961366,2020
NE,RN,7,1546.9677659574468,0.1263243024666397,27.606720055710305,26.15142757660167,2020
NE,RN,8,1884.0435632808255,0.013584036838066,28.953875671527246,27.32233307751343,2020
NE,RN,9,2053.37339988256,0.0168825741746761,29.40628667225482,27.770452640402347,2020
NE,RN,10,2125.676477472206,0.0172310330047149,30.214390034364264,28.57963917525773,2020
NE,RN,11,2014.0925722145803,0.0235167206040992,30.792207792207797,29.12900432900433,2020
NE,RN,12,1913.981385642738,0.0161331626120358,30.653401797175867,29.02252888318357,2020
NE,SE,1,1795.9556118754526,0.0467228464419475,28.070063821300355,26.77451136816913,2020
NE,SE,2,1760.3048838125244,0.118954248366013,28.243611357586516,26.955922803904173,2020
NE,SE,3,1612.4635058556858,0.1996629213483146,27.94334332191781,26.731742294520547,2020
NE,SE,4,1651.625,0.2847069597069597,27.300951796131407,26.164384402824684,2020
NE,SE,5,1291.9293293293292,0.2528673835125448,25.573670956911023,24.54322887520985,2020
NE,SE,6,1274.338749359303,0.3039392501186521,24.375275501554118,23.28058773664877,2020
NE,SE,7,1421.53177028451,0.1081774452164617,23.486692467996427,22.279339089014588,2020
NE,SE,8,1581.9861664712778,0.1125,23.37681862269641,22.09812479793081,2020
NE,SE,9,1650.4607932379715,0.0583333333333333,24.326180555555556,22.940868055555555,2020
NE,SE,10,1847.8615861214373,0.0205645161290322,26.53760080645161,25.1171370967742,2020
NE,SE,11,1656.9561260210037,0.050062893081761,26.577151144054135,25.24859813084112,2020
NE,SE,12,1809.5035036496351,0.0035502958579881,27.041366325981716,25.614443249058635,2020
S,PR,1,1308.2304778605874,0.1972718772344755,24.07202708654481,22.79161528297732,2020
S,PR,2,1390.5674727068667,0.1807784431137724,23.85062638614158,22.531756878259305,2020
S,PR,3,1541.6663213448007,0.0592977741426651,23.69868088689307,22.167488071849565,2020
S,PR,4,1406.377664,0.0551750477402928,20.58470695970696,19.026147741147746,2020
S,PR,5,1129.8972341164215,0.1316168259089217,17.343261396853038,15.85268362460352,2020
S,PR,6,808.1808553488922,0.1878199912374037,18.393146046278297,17.2829058757133,2020
S,PR,7,1005.8019226287578,0.0446949844597477,17.170298480131844,15.843996825978149,2020
S,PR,8,1132.6029900332226,0.1883386895782776,18.042230169050715,16.692750325097528,2020
S,PR,9,1334.8213810880477,0.0376467114490293,22.251027121865636,20.76171503764895,2020
S,PR,10,1473.7711891674487,0.1184384686269582,22.75107379929715,21.27106598984772,2020
S,PR,11,1660.3282834936108,0.1296941339571961,22.697322656313197,21.14895251961498,2020
S,PR,12,1447.8260236702488,0.2272179155900086,23.349913389918584,21.9998527628616,2020
S,RS,1,1591.434213648321,0.1894407460809276,24.092321379268032,22.781924716998496,2020
S,RS,2,1676.3863890688497,0.092954770551337,23.44013668328436,22.054468618970585,2020
S,RS,3,1584.892767553628,0.0451420401566482,24.052481894756472,22.618736207378856,2020
S,RS,4,1322.0196703296704,0.064403681702461,19.275454575131395,17.904335194071752,2020
S,RS,5,1054.0162891986065,0.2138392411382925,15.866014858649857,14.608387740005789,2020
S,RS,6,721.2562177969643,0.2660589401899725,15.398246027471048,14.457019256665768,2020
S,RS,7,911.901620338036,0.2334985760995675,13.048677517802645,11.963977619532043,2020
S,RS,8,1120.0603132988135,0.1095383349898893,15.72824611770847,14.47706511809996,2020
S,RS,9,1098.7046048376667,0.185125429006121,16.75422545048191,15.664621455510543,2020
S,RS,10,1467.4206227128946,0.0899500965286125,19.584710772916225,18.303758895230043,2020
S,RS,11,1643.7120317095005,0.1081766216552067,21.26986089644513,19.88389489953632,2020
S,RS,12,1680.405983586477,0.1444336230146838,23.19763965381589,21.832823798284068,2020
S,SC,1,1367.6903331723806,0.2311959256304841,22.65121487299055,21.464823904773592,2020
S,SC,2,1444.3191261910297,0.2132842373601473,21.83685840099078,20.656612082014583,2020
S,SC,3,1517.2583079869326,0.0698770904694741,21.969834135224108,20.6853000759686,2020
S,SC,4,1347.3510048184276,0.08323927381519,18.271377470975843,16.97551929714465,2020
S,SC,5,1070.3630855066822,0.1003135669988154,15.71149844257406,14.41919278944927,2020
S,SC,6,712.6787701118079,0.2648928415220878,15.89253307473852,14.9605804530027,2020
S,SC,7,842.8478928712092,0.17950389794472,14.034866029352363,13.00313089146243,2020
S,SC,8,1090.6366928336288,0.1566895368782161,15.603921303495367,14.487872023809524,2020
S,SC,9,1020.8547845227062,0.1315702021600664,18.23237931944078,17.214118965972038,2020
S,SC,10,1337.255649295173,0.0902053819562122,19.877500481170205,18.686411753384228,2020
S,SC,11,1435.5349414724867,0.1979765105419555,19.924104104104103,18.677150483817147,2020
S,SC,12,1338.900975514584,0.2615841952065399,21.80470056357218,20.66453830432898,2020
SE,ES,1,1192.1217005076142,0.362775402828017,25.90925803610744,24.783036107441657,2020
SE,ES,2,1365.713372422924,0.1994334277620396,26.236748198038523,25.02159990547087,2020
SE,ES,3,1242.0084647941517,0.272216796875,24.604369282619164,23.47165382763601,2020
SE,ES,4,1079.7252555076084,0.0571724036046683,23.9538862418106,22.834201905896368,2020
SE,ES,5,1120.2579654510555,0.0795678178661007,22.477129169623847,21.20234208658623,2020
SE,ES,6,1053.4020576131688,0.0796475031472933,22.171603697749195,20.89594051446945,2020
SE,ES,7,1017.2821788220934,0.1117867555185339,21.45724465558195,20.20239509105305,2020
SE,ES,8,1144.5771798561152,0.0554083448684991,21.52021764032073,20.25847651775487,2020
SE,ES,9,1398.4506350914962,0.080909780136467,23.93177330426978,22.49205026285421,2020
SE,ES,10,1051.6133178556354,0.2542086068563092,24.12666238767651,23.058100128369706,2020
SE,ES,11,1198.6360229934,0.1346864586488942,24.03075508864084,22.926828627708467,2020
SE,ES,12,1576.8406255960329,0.194038485725066,26.22845262096774,24.886176915322583,2020
SE,MG,1,1344.6822480018886,0.4324601390668656,24.590422692570293,23.33188090952352,2020
SE,MG,2,1324.2379054715136,0.3848286086526798,24.145310979386004,22.931529240024773,2020
SE,MG,3,1374.012716217237,0.2715876715876716,23.122898298243005,21.912834349571902,2020
SE,MG,4,1328.7084870848707,0.0806773873520522,22.290756340682545,21.035812084194276,2020
SE,MG,5,1289.919527230985,0.0561248695322136,19.652943433705023,18.262543451762895,2020
SE,MG,6,1290.9899102317486,0.0119333333333333,19.989493047923933,18.493807635338527,2020
SE,MG,7,1361.3870032558762,0.0090819626036833,20.051832041282783,18.423626852659112,2020
SE,MG,8,1481.7451269986493,0.0151119576326303,20.37386838480753,18.75878796367626,2020
SE,MG,9,1695.0615216271883,0.0172736185170129,24.345199181610305,22.54075143813031,2020
SE,MG,10,1334.994182334161,0.1630510846745976,24.814479471296657,23.3946945448684,2020
SE,MG,11,1464.7361057432172,0.1902705337557884,23.38166623750556,22.01026709426719,2020
SE,MG,12,1497.2557602022391,0.2930368354041358,24.179421581975493,22.832825332689183,2020
SE,RJ,1,1371.1931439393938,0.2824751237018106,24.9378231292517,23.811961904761905,2020
SE,RJ,2,1136.4286126879792,0.4250782608695652,24.37512902290519,23.37442157146999,2020
SE,RJ,3,1344.3423064770932,0.2961654894046417,23.585430797690453,22.510376142160435,2020
SE,RJ,4,1140.062876974629,0.0673325156240873,22.197202266222767,21.12522633023772,2020
SE,RJ,5,1106.2743130829342,0.1286481813129129,20.139895944188247,18.90902802412203,2020
SE,RJ,6,988.7622538150516,0.0236704217972229,20.821856999749563,19.55617956423741,2020
SE,RJ,7,1002.0580988970132,0.0482165443966607,20.45415230145769,19.18697756003145,2020
SE,RJ,8,1253.825982669848,0.080831379507002,20.135271669998183,18.80357986552789,2020
SE,RJ,9,1338.6517920691408,0.1358236294648698,23.22930199057098,21.942862755369305,2020
SE,RJ,10,1231.3940691139542,0.1688634315870768,23.2639055179594,22.140213430504943,2020
SE,RJ,11,1291.9738078291814,0.255270695075096,22.788650013650013,21.673430248430247,2020
SE,RJ,12,1233.11138630137,0.3883242669497148,24.67243405676127,23.562290484140235,2020
SE,SP,1,1367.0842903263,0.3302177461088332,24.00194648055273,22.71865114158454,2020
SE,SP,2,1176.7659511519576,0.4547489852595599,22.901063869498675,21.776736720295645,2020
SE,SP,3,1470.147847121432,0.1213690115221346,22.686819681143483,21.31319749862562,2020
SE,SP,4,1358.2630410136712,0.0377562862669245,21.017698889495723,19.60336792281085,2020
SE,SP,5,1118.9210627620814,0.0398767147074144,17.962976392823418,16.49301227573182,2020
SE,SP,6,993.4782001248828,0.1033156564405015,19.15739617749153,17.823595834553135,2020
SE,SP,7,1180.4850050111788,0.0160983729796488,18.672967658256976,17.128646138398462,2020
SE,SP,8,1260.4439058386247,0.0720615159282314,18.60997220291869,17.078756949270325,2020
SE,SP,9,1405.2239195411582,0.0258619768001282,23.10010205028296,21.448341759821883,2020
SE,SP,10,1305.8434662398138,0.1075240940089049,23.15640678577874,21.677467966071102,2020
SE,SP,11,1651.585526520454,0.1290278997500506,22.72010488653629,21.175655540851835,2020
SE,SP,12,1431.854614856096,0.2501440922190202,23.57177411441468,22.25728584044745,2020
CO,DF,1,1643.2409746394828,0.2198305084745762,23.194154193730583,21.651341428974863,2021
CO,DF,2,1279.2640237324704,0.7996365838885524,21.88842073355562,20.645559260381933,2021
CO,DF,3,1533.8688279301746,0.1462039045553145,22.633975054229936,21.17193600867679,2021
CO,DF,4,1423.9801092896175,0.1383161989441511,21.817838288413448,20.370352875798837,2021
CO,DF,5,1481.6815252416757,0.0018817204301075,21.164301075268817,19.49991935483871,2021
CO,DF,6,1477.9360155382908,0.0245555555555555,20.55655555555556,18.89311111111111,2021
CO,DF,7,1607.6827419354838,0.0,19.79766129032258,17.976370967741936,2021
CO,DF,8,1718.6468245425187,0.0062432723358449,22.047819063004848,20.349057619816907,2021
CO,DF,9,1785.606298342541,0.0177010854439187,25.91940963519911,23.977081592871063,2021
CO,DF,10,1472.6490785645003,0.2144472015439757,24.144582299421007,22.660104769782187,2021
CO,DF,11,1228.090616113744,0.3427417027417027,22.324300144300143,21.15832611832612,2021
CO,DF,12,1252.1306636155607,0.5392788329204514,22.161259279626066,20.966730822106133,2021
CO,GO,1,1552.6787381909005,0.2783583347379066,25.22877372052904,23.76526020701553,2021
CO,GO,2,1324.0121212121212,0.4664955482473731,24.138299669764223,22.82556639275017,2021
CO,GO,3,1469.2762148059571,0.1755238095238095,24.56727714186611,23.12438432188692,2021
CO,GO,4,1461.4916331917825,0.114099588169225,24.061670496983627,22.568500430910657,2021
CO,GO,5,1398.342122905028,0.0110789183222958,23.398094580600624,21.75868139454608,2021
CO,GO,6,1329.0967952322053,0.0095504495504495,22.474969899665552,20.785090301003343,2021
CO,GO,7,1445.2132075471698,0.0,21.802019918642166,19.908976786590923,2021
CO,GO,8,1506.4700878025628,0.0013831258644536,24.784469166728066,22.970050836218963,2021
CO,GO,9,1481.9465554177473,0.0317750389573594,28.542856116142016,26.627950265919218,2021
CO,GO,10,1306.2730125120308,0.2604923968139029,26.33124599410332,24.892071529291115,2021
CO,GO,11,1172.537406669985,0.3818983522859132,24.71589327146172,23.529974588443263,2021
CO,GO,12,1205.6185040966984,0.3906874115983026,24.643382193268184,23.440602605863194,2021
CO,MS,1,1220.0918052357806,0.4119379354021533,25.892249972614746,24.69610033957717,2021
CO,MS,2,1539.119737106161,0.1253209073325127,26.222618312121583,24.753830470777213,2021
CO,MS,3,1413.436623350858,0.1355895559620821,26.63614364244742,25.16523661567878,2021
CO,MS,4,1402.1658106469745,0.0332520325203252,24.835245317259705,23.278896882494003,2021
CO,MS,5,1142.351614385844,0.0409556313993174,22.622861279284024,21.10775862068965,2021
CO,MS,6,1016.5871902874133,0.0604770860140552,20.437210306607167,19.11902979703469,2021
CO,MS,7,1257.9742889221557,0.0095880609220075,19.69978561395727,17.822495749242258,2021
CO,MS,8,1238.7964693035672,0.0276414721013058,24.2178744682439,22.46431718061674,2021
CO,MS,9,1347.8200931857891,0.0360760618446774,28.10550452079566,26.371405808647783,2021
CO,MS,10,1275.8315688978466,0.2469267991351796,25.615658434829417,24.33875243927057,2021
CO,MS,11,1555.891734716398,0.1824352268580464,27.07111712738672,25.697306925049872,2021
CO,MS,12,1643.1556819586992,0.1506644518272425,27.49422860148794,26.076441366852325,2021
CO,MT,1,1276.1552713783678,0.3044328824141519,25.711293998480627,24.461547227146117,2021
CO,MT,2,1299.8697507190795,0.4106687483736664,25.85368614255124,24.659513612725604,2021
CO,MT,3,1321.4347793936406,0.3055992141453831,25.449185816466294,24.27417440267844,2021
CO,MT,4,1304.1430343511452,0.1070220399794977,25.6772616594868,24.42734594493351,2021
CO,MT,5,1193.941275057509,0.0497545853784551,24.66205223880597,23.30451492537313,2021
CO,MT,6,1136.499765716517,0.0121161825726141,23.97169139465875,22.544154302670623,2021
CO,MT,7,1272.133231707317,0.0,23.519849682019657,21.689670456735403,2021
CO,MT,8,1448.5037624660015,0.0033602150537634,26.870694474306603,25.06018060632122,2021
CO,MT,9,1397.7404,0.0651918230187622,29.31044957472661,27.734599027946537,2021
CO,MT,10,1313.8637532133675,0.1740316083049271,27.41930874044533,26.14130940511798,2021
CO,MT,11,1190.4743753062226,0.3613562470970738,25.842350746268657,24.70559701492537,2021
CO,MT,12,1147.7398148148147,0.2772521062864549,26.75498687664042,25.517060367454068,2021
CO,DF,1,1360.5703974417545,0.4659849300322927,22.729827864443248,21.456374394835933,2025
CO,DF,2,1733.7585008147746,0.1408996127494787,23.67214775096813,22.17464998510575,2025
CO,DF,3,1576.607711319822,0.1303561643835616,23.886657534246577,22.392,2025
CO,DF,4,1406.9237613212572,0.1547412587412587,23.1166993006993,21.745594405594407,2025
CO,GO,1,1241.9609292860775,0.4000705716302046,25.02013068181818,23.743028409090908,2025
CO,GO,2,1372.9459755864964,0.255755985569039,25.484658167729037,24.072626710830573,2025
CO,GO,3,1366.410374689188,0.1658577278932201,26.061624602091857,24.62671100500227,2025
CO,GO,4,1168.3244492793035,0.1748430597535457,25.080982855800844,23.79110497886332,2025
CO,MS,1,1427.8607209245938,0.173170731707317,27.852639805488018,26.33770264011116,2025
CO,MS,2,1322.5599283917168,0.1657401129943502,27.281960444829195,25.854424985016983,2025
CO,MS,3,1251.3520130475304,0.1656059249613412,27.129019513947085,25.724031611087828,2025
CO,MS,4,965.4355674102812,0.3056865464632455,24.23665501867695,23.17253283528136,2025
CO,MT,1,957.2262082994304,0.3540255551420419,25.9244499792445,24.742645634426456,2025
CO,MT,2,949.941012406049,0.353720803910918,25.989215384615385,24.726892307692307,2025
CO,MT,3,1009.148186341022,0.2372404900064474,26.401654247391956,25.14360655737705,2025
CO,MT,4,910.4041837331772,0.2199559592623176,26.122270252961897,24.928282100544347,2025
N,AC,1,841.2128781331029,0.2879032258064516,26.400090579710145,25.396422101449275,2025
N,AC,2,831.7620689655172,0.6153273809523809,25.865931863727457,24.98937875751503,2025
N,AC,3,823.0988773747841,0.3838926174496644,26.03948671769473,25.180009004952726,2025
N,AC,4,796.0870987280437,0.4546755725190839,26.10547263681592,25.13240938166312,2025
N,AM,1,757.5482550978513,0.3570534424650939,26.936533302227925,25.89843695322524,2025
N,AM,2,735.6076577251612,0.5255654918463967,26.576481080392405,25.61936552427061,2025
N,AM,3,772.7488945807495,0.4301183639985936,26.893225733121163,25.90252330075017,2025
N,AM,4,772.9998209119714,0.3595813953488372,27.05778707052441,26.07198236889693,2025
N,AP,1,838.6632258064516,0.2755074424898511,26.210509697789806,25.26549391069012,2025
N,AP,2,809.0303851640514,0.3954319761668322,25.91271102284012,25.02894736842105,2025
N,AP,3,808.5544401544402,0.3870619946091644,25.953324348607367,25.02587601078167,2025
N,AP,4,840.3755333333334,0.4285581826611033,26.330505331478907,25.414742698191933,2025
N,PA,1,900.6557863232359,0.3958702064896755,26.44103857566765,25.435364985163208,2025
N,PA,2,941.9735149572648,0.5655549021255146,26.26325617176026,25.26882299461501,2025
N,PA,3,954.0877224199288,0.515684481755465,26.532283891979915,25.50626272221468,2025
N,PA,4,981.2035374868004,0.3134708428826075,27.024822440634196,25.933761388908817,2025
N,RO,1,1148.1747311827958,0.41628664495114,25.58231070496084,24.551762402088773,2025
N,RO,2,1233.578698224852,0.531979695431472,25.832845321451305,24.703946530872056,2025
N,RO,3,1357.7105769230768,0.2204362801377726,26.09500574052813,24.94138920780712,2025
N,RO,4,1453.4359621451104,0.0550847457627118,26.467314702308624,25.277460510328066,2025
N,RR,1,1481.5891358024692,0.0094086021505376,28.94005376344086,27.73481182795699,2025
N,RR,2,1405.8441489361703,0.0181547619047619,28.677380952380958,27.585267857142856,2025
N,RR,3,1547.513333333333,0.0194744976816074,28.834126984126986,27.625555555555557,2025
N,RR,4,1515.1101744186046,0.0093896713615023,29.540506329113924,27.96582278481013,2025
N,TO,1,1322.2202978169728,0.3552226383687057,25.86957531198607,24.72272419464061,2025
N,TO,2,1394.9595925569456,0.3058540689986777,26.17059008160703,24.962534002929484,2025
N,TO,3,1371.493781094527,0.267025664527956,26.732524176041053,25.48026445628577,2025
N,TO,4,1369.3484434826037,0.1486394955039121,26.992746373186595,25.784182091045523,2025
NE,AL,1,1705.1983237547893,0.0887269193391642,28.61479759299781,27.428419037199127,2025
NE,AL,2,1717.3094368340944,0.095228426395939,27.950422125181948,26.7383114992722,2025
NE,AL,3,1706.0504836480884,0.0371077762619372,28.606010498687663,27.34496062992126,2025
NE,AL,4,1605.6813113061437,0.0656995788488535,28.68248666853775,27.47819253438114,2025
NE,BA,1,1358.162331992124,0.2279228855721393,26.65398501716783,25.376859848090728,2025
NE,BA,2,1516.0386298763085,0.078448504103786,26.758696507900805,25.344295113310466,2025
NE,BA,3,1538.7568222946072,0.0573876851511813,27.24874929083501,25.7807932332766,2025
NE,BA,4,1380.74006092917,0.1028871731655096,27.11055641082032,25.763442929404004,2025
NE,CE,1,1048.7668116426898,0.2497021276595744,29.39639040607932,28.0771313227262,2025
NE,CE,2,1064.0409836065571,0.1746376811594202,28.735268277376843,27.534452463131476,2025
NE,CE,3,913.0864639733444,0.2416873449131514,27.73239024390244,26.611154471544715,2025
NE,CE,4,855.4674428633032,0.181404174573055,28.139233333333333,26.982533333333336,2025
NE,MA,1,1045.4997750281216,0.3566044551475015,26.915782092772385,25.914487594390504,2025
NE,MA,2,1096.506351791531,0.3814082278481012,26.457526621490803,25.426064859632135,2025
NE,MA,3,1131.6761212624583,0.4505991652080248,26.621180438448565,25.56905002810568,2025
NE,MA,4,1176.638441680357,0.3276961550484526,27.26631408661025,26.155811348929817,2025
NE,PB,1,1289.6998862990336,0.2237235488254708,27.02011259949525,25.85921180353329,2025
NE,PB,2,1374.573364779874,0.2038140132847654,26.548393316195373,25.362510711225365,2025
NE,PB,3,1389.328817811226,0.2131990131578947,26.769113715813283,25.601665638494755,2025
NE,PB,4,1431.8601773648647,0.07259767687434,27.35286506469501,26.109928703459204,2025
NE,PE,1,1519.142011976048,0.1992233009708738,26.917789830508475,25.680583050847456,2025
NE,PE,2,1699.1057035243475,0.047545551982851,26.551601316970967,25.277671355881477,2025
NE,PE,3,1669.6710810132931,0.0437694419030192,27.170937011232763,25.83293047063842,2025
NE,PE,4,1640.6235038084874,0.0890218814288386,26.967738956441437,25.6322148684008,2025
NE,PI,1,1185.3998310032264,0.3401473799126637,26.820631018233968,25.636631837738168,2025
NE,PI,2,1435.4635819045652,0.1734383487235198,27.839839747799815,26.49024037830028,2025
NE,PI,3,1366.1472888720953,0.1865700861393892,27.63646415408393,26.321828557840924,2025
NE,PI,4,1435.4081620435045,0.1390728476821192,28.164016583343496,26.758200219485428,2025
NE,RN,1,1195.3015934065934,0.1637931034482758,29.364585777986388,28.142806852851443,2025
NE,RN,2,1207.7037295330504,0.123700887198986,28.83264749628161,27.5878284581061,2025
NE,RN,3,1159.0047991071428,0.2411164787976382,28.38407499435284,27.215089225208946,2025
NE,RN,4,1184.187559274756,0.113464447806354,28.944141749723144,27.749280177187156,2025
NE,SE,1,1809.1360755636808,0.1573285522187359,27.712813620071685,26.485528673835123,2025
NE,SE,2,1745.550067385445,0.0993541977148534,27.29513406156902,25.99826216484608,2025
NE,SE,3,1766.2711491442544,0.0859066427289048,27.43718459495352,26.189243027888445,2025
NE,SE,4,1741.695486111111,0.0834645669291338,27.633125,26.41027777777778,2025
S,PR,1,1372.7336978131214,0.2090234530276931,24.235084060169385,22.806503602578687,2025
S,PR,2,1361.6132157046038,0.2256858502812635,24.977356370276723,23.59195111672988,2025
S,PR,3,1377.230639948287,0.1130783305741918,24.238731074261,22.838514780100937,2025
S,PR,4,933.1798785117692,0.1357905486955714,20.522222222222226,19.44075168225833,2025
S,RS,1,1566.1865325480794,0.1035682849211185,24.38429336684082,22.93300376959196,2025
S,RS,2,1433.5169874167282,0.166175300314525,25.789086975980904,24.402592122930034,2025
S,RS,3,1300.3187150031752,0.1021977274273661,23.789184177997527,22.470374948496083,2025
S,RS,4,991.2142466110532,0.1444197866704846,18.54859074706941,17.398765295998235,2025
S,SC,1,1352.394358753101,0.2131421942326814,22.944978233830845,21.700038868159204,2025
S,SC,2,1369.6720711431883,0.2377244340359094,24.361051615168535,23.114299508426964,2025
S,SC,3,1308.4278879959818,0.1008772676944042,22.874810758576263,21.63431309389596,2025
S,SC,4,923.16161046288,0.1456579648375066,18.992570614763828,17.955930057757733,2025
SE,ES,1,1227.0149219765929,0.2552727272727272,26.054925576639015,24.890296557209407,2025
SE,ES,2,1552.1197177726926,0.0382823321999748,27.21123001384867,25.71134474943339,2025
SE,ES,3,1286.838405036726,0.1680179674340258,26.0309342016618,24.766045362676845,2025
SE,ES,4,927.3512493259032,0.1955004058912211,24.38894816189261,23.331659515249918,2025
SE,MG,1,1366.4557855285816,0.3364675050001149,24.501156327860475,23.194846568282973,2025
SE,MG,2,1637.3530359499962,0.0807490027693793,25.39097795497186,23.848621013133208,2025
SE,MG,3,1506.8233768615655,0.1344437041972018,25.218513565150936,23.717133698467286,2025
SE,MG,4,1248.2967494671257,0.1450855781035603,23.730981740842136,22.470889426884177,2025
SE,RJ,1,1295.3331341236408,0.1990184049079754,25.81279593034631,24.62568968890628,2025
SE,RJ,2,1502.786293497925,0.023545973179225,27.18944046521523,25.764740089355364,2025
SE,RJ,3,1213.9611465583912,0.1246602454149623,25.576312637882133,24.41393003466751,2025
SE,RJ,4,907.9084822345452,0.3238969043283373,23.15846410684474,22.20862771285476,2025
SE,SP,1,1362.4538504620557,0.2458627763847731,25.10757556103256,23.721870540926187,2025
SE,SP,2,1407.2926399076898,0.2579427083333333,25.872011224539165,24.47181769800184,2025
SE,SP,3,1369.1571616192832,0.1387400347659294,25.302424968881105,23.914434558111655,2025
SE,SP,4,1060.5794575879977,0.1755729619959385,22.54045049081504,21.422630442751824,2025
